{"cameraMode":{"drawMode":0,"name":"Shaded","section":"Shading Mode"},"sceneLighting":false,"audioPlay":false,"sceneViewState":{"m_AlwaysRefresh":false,"showFog":true,"showSkybox":false,"showFlares":true,"showImageEffects":true,"showParticleSystems":true,"showVisualEffectGraphs":true,"m_FxEnabled":true},"in2DMode":false,"pivot":{"x":-0.6378810405731201,"y":-0.1864033043384552,"z":1.4270418882369996},"rotation":{"x":-0.24240155518054963,"y":-0.45590561628341677,"z":0.13082845509052277,"w":-0.8465495109558106},"size":1.4551515579223633,"orthographic":false}