{"cameraMode":{"drawMode":0,"name":"Shaded","section":"Shading Mode"},"sceneLighting":false,"audioPlay":false,"sceneViewState":{"m_AlwaysRefresh":false,"showFog":true,"showSkybox":false,"showFlares":true,"showImageEffects":true,"showParticleSystems":true,"showVisualEffectGraphs":true,"m_FxEnabled":true},"in2DMode":false,"pivot":{"x":-0.35604020953178408,"y":0.36566412448883059,"z":-0.11833542585372925},"rotation":{"x":-0.17250078916549684,"y":-0.3344099819660187,"z":0.06256891041994095,"w":-0.9245947599411011},"size":1.4058613777160645,"orthographic":false}