{"cameraMode":{"drawMode":0,"name":"Shaded","section":"Shading Mode"},"sceneLighting":false,"audioPlay":false,"sceneViewState":{"m_AlwaysRefresh":false,"showFog":true,"showSkybox":false,"showFlares":true,"showImageEffects":true,"showParticleSystems":true,"showVisualEffectGraphs":true,"m_FxEnabled":true},"in2DMode":false,"pivot":{"x":-0.35604020953178408,"y":0.36566412448883059,"z":-0.11833542585372925},"rotation":{"x":-0.20299339294433595,"y":-0.2725331783294678,"z":0.0591665580868721,"w":-0.9388234615325928},"size":1.4058613777160645,"orthographic":false}