{"cameraMode":{"drawMode":0,"name":"Shaded","section":"Shading Mode"},"sceneLighting":false,"audioPlay":false,"sceneViewState":{"m_AlwaysRefresh":false,"showFog":true,"showSkybox":false,"showFlares":true,"showImageEffects":true,"showParticleSystems":true,"showVisualEffectGraphs":true,"m_FxEnabled":true},"in2DMode":false,"pivot":{"x":0.7263352870941162,"y":-0.34663885831832888,"z":1.9308226108551026},"rotation":{"x":0.1427067220211029,"y":0.1748032122850418,"z":-0.025614842772483827,"w":0.9738712906837463},"size":1.8973740339279175,"orthographic":false}