{"cameraMode":{"drawMode":0,"name":"Shaded","section":"Shading Mode"},"sceneLighting":false,"audioPlay":false,"sceneViewState":{"m_AlwaysRefresh":false,"showFog":true,"showSkybox":false,"showFlares":true,"showImageEffects":true,"showParticleSystems":true,"showVisualEffectGraphs":true,"m_FxEnabled":true},"in2DMode":false,"pivot":{"x":47.27525329589844,"y":7.2120184898376469,"z":84.52536010742188},"rotation":{"x":0.03688551485538483,"y":0.17890392243862153,"z":-0.006712066009640694,"w":0.9831526279449463},"size":70.26470184326172,"orthographic":false}