{"cameraMode":{"drawMode":0,"name":"Shaded","section":"Shading Mode"},"sceneLighting":false,"audioPlay":false,"sceneViewState":{"m_AlwaysRefresh":false,"showFog":true,"showSkybox":false,"showFlares":true,"showImageEffects":true,"showParticleSystems":true,"showVisualEffectGraphs":true,"m_FxEnabled":true},"in2DMode":false,"pivot":{"x":39.29873275756836,"y":6.0574445724487309,"z":87.43490600585938},"rotation":{"x":0.03688551485538483,"y":0.17890392243862153,"z":-0.006712066009640694,"w":0.9831526279449463},"size":67.23895263671875,"orthographic":false}