{"cameraMode":{"drawMode":0,"name":"Shaded","section":"Shading Mode"},"sceneLighting":false,"audioPlay":false,"sceneViewState":{"m_AlwaysRefresh":false,"showFog":true,"showSkybox":false,"showFlares":true,"showImageEffects":true,"showParticleSystems":true,"showVisualEffectGraphs":true,"m_FxEnabled":true},"in2DMode":false,"pivot":{"x":5.116789817810059,"y":13.442726135253907,"z":0.3201446533203125},"rotation":{"x":-0.03116467408835888,"y":-0.054535314440727237,"z":0.0016969268908724189,"w":-0.998258113861084},"size":12.815179824829102,"orthographic":false}