{"cameraMode":{"drawMode":0,"name":"Shaded","section":"Shading Mode"},"sceneLighting":false,"audioPlay":false,"sceneViewState":{"m_AlwaysRefresh":false,"showFog":true,"showSkybox":false,"showFlares":true,"showImageEffects":true,"showParticleSystems":true,"showVisualEffectGraphs":true,"m_FxEnabled":true},"in2DMode":false,"pivot":{"x":4.8444414138793949,"y":4.42968225479126,"z":-1.2387139797210694},"rotation":{"x":-0.0014305833028629423,"y":-0.20171599090099336,"z":0.0005312553839758039,"w":-0.9796274304389954},"size":8.476847648620606,"orthographic":false}