{"cameraMode":{"drawMode":0,"name":"Shaded","section":"Shading Mode"},"sceneLighting":false,"audioPlay":false,"sceneViewState":{"m_AlwaysRefresh":false,"showFog":true,"showSkybox":false,"showFlares":true,"showImageEffects":true,"showParticleSystems":true,"showVisualEffectGraphs":true,"m_FxEnabled":true},"in2DMode":false,"pivot":{"x":1.8895763158798218,"y":3.3049707412719728,"z":8.370140075683594},"rotation":{"x":-0.04193482920527458,"y":-0.05150369927287102,"z":0.0024093594402074816,"w":-0.9979698061943054},"size":10.191095352172852,"orthographic":false}