{"cameraMode":{"drawMode":0,"name":"Shaded","section":"Shading Mode"},"sceneLighting":false,"audioPlay":false,"sceneViewState":{"m_AlwaysRefresh":false,"showFog":true,"showSkybox":false,"showFlares":true,"showImageEffects":true,"showParticleSystems":true,"showVisualEffectGraphs":true,"m_FxEnabled":true},"in2DMode":false,"pivot":{"x":-2.561814546585083,"y":17.43093490600586,"z":1.4037790298461915},"rotation":{"x":-0.05577898025512695,"y":0.024305224418640138,"z":-0.001104956609196961,"w":-0.9983307123184204},"size":17.51417350769043,"orthographic":false}