{"cameraMode":{"drawMode":0,"name":"Shaded","section":"Shading Mode"},"sceneLighting":false,"audioPlay":false,"sceneViewState":{"m_AlwaysRefresh":false,"showFog":true,"showSkybox":false,"showFlares":true,"showImageEffects":true,"showParticleSystems":true,"showVisualEffectGraphs":true,"m_FxEnabled":true},"in2DMode":false,"pivot":{"x":-0.00007152557373046875,"y":10.000001907348633,"z":-0.000010728836059570313},"rotation":{"x":-0.17050015926361085,"y":0.006273598875850439,"z":-0.0008590893703512847,"w":-0.9855205416679382},"size":15.532240867614746,"orthographic":false}